name,age,email
John Doe,30,john.doe@email.com
Jane Smith,25,jane.smith@email.com
Bob Johnson,45,bob.johnson@email.com
Alice Brown,28,alice.brown@email.com
Charlie Wilson,35,charlie.wilson@email.com
Diana Davis,32,diana.davis@email.com
Eve Miller,29,eve.miller@email.com
Frank Garcia,41,frank.garcia@email.com
Grace Martinez,27,grace.martinez@email.com
Henry Taylor,38,henry.taylor@email.com
Ivy Anderson,26,ivy.anderson@email.com
Jack Thompson,33,jack.thompson@email.com
Kelly White,31,kelly.white@email.com
Liam Harris,24,liam.harris@email.com
Mia Clark,36,mia.clark@email.com
Noah Lewis,42,noah.lewis@email.com
Olivia Robinson,23,olivia.robinson@email.com
Paul Walker,39,paul.walker@email.com
Quinn Hall,34,quinn.hall@email.com
Ruby Allen,37,ruby.allen@email.com
